Model,RMSE,MAE,MAPE,Accuracy,Directional Accuracy
LSTM,9.830839992737872,8.29476908914712,3.2370370334953837,96.76296296650462,51.724137931034484
XLSTM,16.294228403590985,14.871010190851878,5.8185469280480815,94.18145307195192,62.06896551724138
SVM,26.65470321063642,25.43606478982076,9.992968094570225,90.00703190542977,37.93103448275862
ARIMA,19.765961276735418,18.361324564615884,7.19398588018764,92.80601411981236,37.93103448275862
SARIMA,19.765961276735418,18.361324564615884,7.19398588018764,92.80601411981236,37.93103448275862
Stacking,5.356711942749098,4.426281123510573,1.7587233680636032,98.2412766319364,44.827586206896555
Voting,18.326724090969034,17.03303945809264,6.674319651921317,93.32568034807868,51.724137931034484
