Model,RMSE,MAE,MAPE,Accuracy,Directional Accuracy
LSTM,7.5308829813552,6.558933653596674,2.5886320260668576,97.41136797393314,55.172413793103445
XLSTM,15.986100993370053,14.300652430343446,5.616239605307182,94.38376039469281,51.724137931034484
SVM,25.535672828616352,23.762232835393053,9.363934902730776,90.63606509726922,34.48275862068966
ARIMA,25.29827952438239,23.788338724772135,9.383369832402417,90.61663016759758,37.93103448275862
SARIMA,25.29827952438239,23.788338724772135,9.383369832402417,90.61663016759758,37.93103448275862
