Model,RMSE,MAE,MAPE,Accuracy,Directional Accuracy
LSTM,8.474494518350728,7.1273183711915715,2.7795745832050476,97.22042541679495,55.172413793103445
XLSTM,15.249664072295408,14.02546406382368,5.493735732924674,94.50626426707532,55.172413793103445
SVM,26.65470321063642,25.43606478982076,9.992968094570225,90.00703190542977,37.93103448275862
ARIMA,19.765961276735418,18.361324564615884,7.19398588018764,92.80601411981236,37.93103448275862
SARIMA,19.765961276735418,18.361324564615884,7.19398588018764,92.80601411981236,37.93103448275862
Stacking,4.912218095401206,3.7891619275749764,1.5070908456146104,98.49290915438539,44.827586206896555
Voting,17.820894477612736,16.556913070510195,6.487748197680208,93.5122518023198,51.724137931034484
