Model,RMSE,MAE,MAPE,Accuracy,Directional Accuracy
LSTM,8.687203854515811,7.20311565862221,2.806586600683513,97.19341339931648,48.275862068965516
XLSTM,20.411951729475597,19.329171152769717,7.58738836397776,92.41261163602223,55.172413793103445
SVM,26.654703031225562,25.43606459763489,9.992968018273563,90.00703198172644,37.93103448275862
ARIMA,19.765961276735418,18.361324564615884,7.19398588018764,92.80601411981236,37.93103448275862
SARIMA,19.765961276735418,18.361324564615884,7.19398588018764,92.80601411981236,37.93103448275862
Voting,18.924885933245143,17.6889120865374,6.934848759045241,93.06515124095476,37.93103448275862
Stacking,17.352036228769425,15.918822828282396,6.235094179832158,93.76490582016784,44.827586206896555
