Model,RMSE,MAE,MAPE,Accuracy,Directional Accuracy
LSTM,8.877843685470351,7.70161511174169,3.5153665400285186,96.48463345997148,44.827586206896555
XLSTM,5.456511041830835,4.854230583818378,2.1924167221930184,97.80758327780698,48.275862068965516
SVM,9.146921885582875,8.120203070747506,3.702467954581167,96.29753204541883,48.275862068965516
ARIMA,8.167899496462132,7.290994771321615,3.3199652268581263,96.68003477314187,48.275862068965516
SARIMA,8.167899496462132,7.290994771321615,3.3199652268581263,96.68003477314187,48.275862068965516
Stacking,3.0200221518494947,2.4441565944715573,1.0998527247948273,98.90014727520517,55.172413793103445
Voting,7.810861275447778,6.937358388484285,3.159655726050306,96.8403442739497,44.827586206896555
