Model,RMSE,MAE,MAPE,Accuracy,Directional Accuracy
LSTM,5.3796703454760495,4.712902850029896,2.136699121115758,97.86330087888425,41.37931034482759
XLSTM,5.565725501181824,4.698859938386087,2.107112813482016,97.89288718651798,48.275862068965516
SVM,9.101398178941427,8.008786780341167,3.652244474647462,96.34775552535254,44.827586206896555
ARIMA,9.520375979248145,8.359663899739584,3.813090971382327,96.18690902861768,48.275862068965516
SARIMA,9.520375979248145,8.359663899739584,3.813090971382327,96.18690902861768,48.275862068965516
ENSEMBLE,7.459290541497276,6.573454912638264,2.992712590339121,97.00728740966088,44.827586206896555
