Model,RMSE,MAE,MAPE,Accuracy,Directional Accuracy
LSTM,5.235492616971523,4.6386683553965895,2.0990011833522604,97.90099881664774,48.275862068965516
XLSTM,5.551185078057603,4.750525053173735,2.127086849333538,97.87291315066646,41.37931034482759
SVM,8.951101810280706,7.727470552471894,3.524021826703063,96.47597817329694,51.724137931034484
ARIMA,9.650398943447259,8.290333557128907,3.7825573487102067,96.21744265128979,51.724137931034484
SARIMA,9.650398943447259,8.290333557128907,3.7825573487102067,96.21744265128979,51.724137931034484
