Model,RMSE,MAE,MAPE,Accuracy,Directional Accuracy
LSTM,12.153888740054143,10.766058561274889,4.370257768515043,95.62974223148495,51.724137931034484
XLSTM,6.930309923666215,5.6419709092894985,2.2822375613866988,97.7177624386133,51.724137931034484
SVM,32.50150786817597,31.531922437715277,12.690006065686807,87.3099939343132,48.275862068965516
ARIMA,24.72202397990024,20.449805853057228,8.26874377115499,91.73125622884501,51.724137931034484
SARIMA,18.86153429530665,15.7915299861353,6.385915090546218,93.61408490945378,51.724137931034484
