Model,RMSE,MAE,MAPE,Accuracy,Directional Accuracy
LSTM,20.335619191187124,17.951075616178365,7.264362192223478,92.73563780777653,51.724137931034484
XLSTM,6.824078214150807,5.74877166315484,2.3366602105479872,97.66333978945201,44.827586206896555
SVM,31.5843210926567,30.693738719011353,12.343681812456683,87.65631818754332,48.275862068965516
ARIMA,29.38087637968734,24.606189545941415,9.932888175349827,90.06711182465017,51.724137931034484
SARIMA,18.483189823520174,15.83269983627273,6.397354963592529,93.60264503640747,51.724137931034484
ENSEMBLE,22.64657772872542,19.42802708219025,7.85047335299605,92.14952664700395,51.724137931034484
