Model,RMSE,MAE,MAPE,Accuracy,Directional Accuracy
LSTM,18.922656166812157,16.717030667503177,6.746777277122998,93.253222722877,51.724137931034484
XLSTM,7.049195177736415,6.129892220357105,2.4869789995929614,97.51302100040704,51.724137931034484
SVM,31.55138893581121,30.603300965374608,12.27210584173562,87.72789415826438,48.275862068965516
ARIMA,34.077993079816245,28.843010554009076,11.608238996932622,88.39176100306737,51.724137931034484
SARIMA,17.470930477214058,15.434964552388463,6.221010987374081,93.77898901262591,51.724137931034484
Stacking,2.4807879881106345,1.8566760725509843,0.7479891210343569,99.25201087896565,75.86206896551724
Voting,10.318357654580764,9.382934447827978,3.7838520067003016,96.2161479932997,51.724137931034484
