Model,RMSE,MAE,MAPE,Accuracy,Directional Accuracy
LSTM,10.188169758950723,8.863996335736434,1.7102990333782688,98.28970096662174,55.172413793103445
XLSTM,27.271139270067618,26.76041504623081,5.177968650334207,94.82203134966579,55.172413793103445
SVM,5.843021965431836,4.5666518454899006,0.8801182764694019,99.1198817235306,55.172413793103445
ARIMA,11.050776556563402,9.343663874566191,1.8148919135844217,98.18510808641558,51.724137931034484
SARIMA,11.050776556563402,9.343663874566191,1.8148919135844217,98.18510808641558,51.724137931034484
Stacking,4.247227141925567,3.1130721815286355,0.6027207838204258,99.39727921617957,62.06896551724138
Voting,6.357715116056664,4.963896332046356,0.9563079276437085,99.0436920723563,55.172413793103445
