Model,RMSE,MAE,MAPE,Accuracy,Directional Accuracy
LSTM,8.88479955758907,7.332427049758371,1.4159228153002226,98.58407718469978,44.827586206896555
XLSTM,20.809292215089926,20.02003070900161,3.8770347773133755,96.12296522268663,48.275862068965516
SVM,6.336958345772213,4.927619252539902,0.9526738878131781,99.04732611218682,37.93103448275862
ARIMA,15.555670943537965,14.416001383463541,2.7878879947169217,97.21211200528307,41.37931034482759
SARIMA,15.555670943537965,14.416001383463541,2.7878879947169217,97.21211200528307,41.37931034482759
